Player,Season,Team,Lg,G,AS,PA,AB,R,H,1B,2B,3B,HR,RBI,SB,CS,BB,SO,BA,OBP,SLG,OPS,OPS+,TB
Ronald Acuña Jr.,2023,ATL,NL,159,1,735,643,149,217,137,35,4,41,106,73,14,80,84,0.337,0.416,0.596,1.012,171,383
Ozzie Albies,2023,ATL,NL,148,1,660,596,96,167,99,30,5,33,109,13,1,46,107,0.28,0.336,0.513,0.849,126,306
Pete Alonso,2023,NYM,NL,154,1,658,568,92,123,54,21,2,46,118,4,1,65,151,0.217,0.318,0.504,0.821,123,286
Orlando Arcia,2023,ATL,NL,139,1,533,488,66,129,87,25,0,17,65,1,0,39,102,0.264,0.321,0.42,0.741,99,205
Nolan Arenado,2023,STL,NL,144,1,612,560,71,149,95,26,2,26,93,3,3,41,101,0.266,0.315,0.459,0.774,108,257
Luis Arráez,2023,MIA,NL,147,1,617,574,71,203,160,30,3,10,69,3,2,35,34,0.354,0.393,0.469,0.861,130,269
Randy Arozarena,2023,TBR,AL,151,1,654,551,95,140,95,19,3,23,83,22,10,80,156,0.254,0.364,0.425,0.789,120,234
Mookie Betts,2023,LAD,NL,152,1,693,584,126,179,99,40,1,39,107,14,3,96,107,0.307,0.408,0.579,0.987,165,338
Bo Bichette,2023,TOR,AL,135,1,601,571,69,175,122,30,3,20,73,5,3,27,115,0.306,0.339,0.475,0.814,122,271
Corbin Carroll,2023,ARI,NL,155,1,645,565,116,161,96,30,10,25,76,54,5,57,125,0.285,0.362,0.506,0.868,133,286
Nick Castellanos,2023,PHI,NL,157,1,671,626,79,170,102,37,2,29,106,11,2,36,185,0.272,0.311,0.476,0.788,111,298
Yandy Díaz,2023,TBR,AL,137,1,600,525,95,173,116,35,0,22,78,0,1,65,94,0.33,0.41,0.522,0.932,158,274
Elias Díaz,2023,COL,NL,141,1,526,486,48,130,90,25,1,14,72,1,0,34,118,0.267,0.316,0.409,0.725,88,199
Wander Franco,2023,TBR,AL,112,1,491,442,65,124,78,23,6,17,58,30,10,42,69,0.281,0.344,0.475,0.819,126,210
Freddie Freeman,2023,LAD,NL,161,1,730,637,131,211,121,59,2,29,102,23,1,72,121,0.331,0.41,0.567,0.976,163,361
Adolis García,2023,TEX,AL,148,1,632,555,108,136,68,29,0,39,107,9,1,65,175,0.245,0.328,0.508,0.836,127,282
Lourdes Gurriel Jr.,2023,ARI,NL,145,1,592,551,65,144,83,35,2,24,82,5,0,33,103,0.261,0.309,0.463,0.772,107,255
Vladimir Guerrero Jr.,2023,TOR,AL,156,1,682,602,78,159,103,30,0,26,94,5,3,67,100,0.264,0.345,0.444,0.788,116,267
Austin Hays,2023,BAL,AL,144,1,566,520,76,143,89,36,2,16,67,5,1,38,141,0.275,0.325,0.444,0.769,114,231
Jonah Heim,2023,TEX,AL,131,1,501,457,61,118,72,28,0,18,95,2,0,40,96,0.258,0.317,0.438,0.755,106,200
Josh Jung,2023,TEX,AL,122,1,515,478,75,127,78,25,1,23,70,1,3,30,151,0.266,0.315,0.467,0.781,113,223
J.D. Martinez,2023,LAD,NL,113,1,479,432,61,117,55,27,2,33,103,1,0,34,149,0.271,0.321,0.572,0.893,136,247
Whit Merrifield,2023,TOR,AL,145,1,592,547,66,149,111,27,0,11,67,26,10,36,101,0.272,0.318,0.382,0.7,93,209
Sean Murphy,2023,ATL,NL,108,1,438,370,65,93,51,21,0,21,68,0,0,49,98,0.251,0.365,0.478,0.844,127,177
Matt Olson,2023,ATL,NL,162,1,720,608,127,172,88,27,3,54,139,1,0,104,167,0.283,0.389,0.604,0.993,164,367
Shohei Ohtani,2023,LAA,AL,135,1,599,497,102,151,73,26,8,44,95,20,6,91,143,0.304,0.412,0.654,1.066,184,325
Geraldo Perdomo,2023,ARI,NL,144,1,495,407,71,100,70,20,4,6,47,16,4,64,86,0.246,0.353,0.359,0.712,95,146
Salvador Perez,2023,KCR,AL,140,1,580,538,59,137,93,21,0,23,80,0,0,19,135,0.255,0.292,0.422,0.714,92,227
José Ramírez,2023,CLE,AL,156,1,691,611,87,172,107,36,5,24,80,28,6,73,73,0.282,0.356,0.475,0.831,127,290
Austin Riley,2023,ATL,NL,159,1,715,636,117,179,107,32,3,37,97,3,1,59,172,0.281,0.345,0.516,0.861,130,328
Luis Robert Jr.,2023,CHW,AL,145,1,595,546,90,144,69,36,1,38,80,20,4,30,172,0.264,0.315,0.542,0.857,130,296
Julio Rodríguez,2023,SEA,AL,155,1,714,654,102,180,109,37,2,32,103,37,10,47,175,0.275,0.333,0.485,0.818,130,317
Adley Rutschman,2023,BAL,AL,154,1,687,588,84,163,111,31,1,20,80,1,2,92,101,0.277,0.374,0.435,0.809,128,256
Corey Seager,2023,TEX,AL,119,1,536,477,88,156,81,42,0,33,96,2,1,49,88,0.327,0.39,0.623,1.013,174,297
Marcus Semien,2023,TEX,AL,162,1,753,670,122,185,112,40,4,29,100,14,3,72,110,0.276,0.348,0.478,0.826,126,320
Will Smith,2023,LAD,NL,126,1,554,464,80,121,79,21,2,19,76,3,0,63,89,0.261,0.359,0.438,0.797,116,203
Jorge Soler,2023,MIA,NL,137,1,580,504,77,126,66,24,0,36,75,1,0,66,141,0.25,0.341,0.512,0.853,125,258
Juan Soto,2023,SDP,NL,162,1,708,568,97,156,88,32,1,35,109,12,5,132,129,0.275,0.41,0.519,0.93,155,295
Dansby Swanson,2023,CHC,NL,147,1,638,565,81,138,88,25,3,22,80,9,1,66,154,0.244,0.328,0.416,0.744,103,235
Kyle Tucker,2023,HOU,AL,157,1,674,574,97,163,92,37,5,29,112,30,5,80,92,0.284,0.369,0.517,0.886,142,297
Ronald Acuña Jr.,2022,ATL,NL,119,1,533,467,71,124,85,24,0,15,50,29,11,53,126,0.266,0.351,0.413,0.764,112,193
Pete Alonso,2022,NYM,NL,160,1,685,597,95,162,95,27,0,40,131,5,1,67,128,0.271,0.352,0.518,0.869,146,309
Jose Altuve,2022,HOU,AL,141,1,604,527,103,158,91,39,0,28,57,18,1,66,87,0.3,0.387,0.533,0.921,161,281
Nolan Arenado,2022,STL,NL,148,1,620,557,73,163,90,42,1,30,103,5,3,52,72,0.293,0.358,0.533,0.891,151,297
Mookie Betts,2022,LAD,NL,142,1,639,572,117,154,76,40,3,35,82,12,2,55,104,0.269,0.34,0.533,0.873,140,305
Xander Bogaerts,2022,BOS,AL,150,1,631,557,84,171,118,38,0,15,73,8,2,57,118,0.307,0.377,0.456,0.833,131,254
Miguel Cabrera,2022,DET,AL,112,1,433,397,25,101,86,10,0,5,43,1,0,28,101,0.254,0.305,0.317,0.622,80,126
C.J. Cron,2022,COL,NL,150,1,632,575,79,148,88,28,3,29,102,0,0,43,164,0.257,0.315,0.468,0.783,108,269
Jake Cronenworth,2022,SDP,NL,158,1,684,587,88,140,89,30,4,17,88,3,0,70,131,0.239,0.332,0.39,0.722,109,229
Travis d'Arnaud,2022,ATL,NL,107,1,426,396,61,106,62,25,1,18,60,0,0,19,90,0.268,0.319,0.472,0.791,117,187
Rafael Devers,2022,BOS,AL,141,1,614,555,84,164,94,42,1,27,88,3,1,50,114,0.295,0.358,0.521,0.879,141,289
Santiago Espinal,2022,TOR,AL,135,1,491,449,51,120,88,25,0,7,51,6,6,36,68,0.267,0.322,0.37,0.692,99,166
Ty France,2022,SEA,AL,140,1,613,551,65,151,103,27,1,20,83,0,0,35,94,0.274,0.338,0.436,0.774,125,240
Freddie Freeman,2022,LAD,NL,159,1,708,612,117,199,129,47,2,21,100,13,3,84,102,0.325,0.407,0.511,0.918,156,313
Andrés Giménez,2022,CLE,AL,146,1,557,491,66,146,100,26,3,17,69,20,3,34,112,0.297,0.371,0.466,0.837,141,229
Paul Goldschmidt,2022,STL,NL,151,1,651,561,106,178,102,41,0,35,115,7,0,79,141,0.317,0.404,0.578,0.981,177,324
Vladimir Guerrero Jr.,2022,TOR,AL,160,1,706,638,90,175,108,35,0,32,97,8,3,58,116,0.274,0.339,0.48,0.818,133,306
Ian Happ,2022,CHC,NL,158,1,641,573,72,155,94,42,2,17,72,9,4,58,149,0.271,0.342,0.44,0.781,117,252
Bryce Harper,2022,PHI,NL,99,1,426,370,63,106,59,28,1,18,65,11,4,46,87,0.286,0.364,0.514,0.877,146,190
Aaron Judge,2022,NYY,AL,157,1,696,570,133,177,87,28,0,62,131,16,3,111,175,0.311,0.425,0.686,1.111,210,391
Manny Machado,2022,SDP,NL,150,1,644,578,100,172,102,37,1,32,102,9,1,63,133,0.298,0.366,0.531,0.898,157,307
Starling Marte,2022,NYM,NL,118,1,505,466,76,136,91,24,5,16,63,18,9,26,97,0.292,0.347,0.468,0.814,132,218
J.D. Martinez,2022,BOS,AL,139,1,596,533,76,146,86,43,1,16,62,0,0,52,145,0.274,0.341,0.448,0.79,117,239
Jeff McNeil,2022,NYM,NL,148,1,589,533,73,174,125,39,1,9,62,4,0,40,61,0.326,0.382,0.454,0.836,140,242
Shohei Ohtani,2022,LAA,AL,157,1,666,586,90,160,90,30,6,34,95,11,9,72,161,0.273,0.356,0.519,0.875,144,304
Joc Pederson,2022,SFG,NL,134,1,433,380,57,104,59,19,3,23,70,3,2,42,100,0.274,0.353,0.521,0.874,146,198
José Ramírez,2022,CLE,AL,157,1,685,601,90,168,90,44,5,29,126,20,7,69,82,0.28,0.355,0.514,0.869,148,309
Austin Riley,2022,ATL,NL,159,1,693,615,90,168,89,39,2,38,93,2,0,57,168,0.273,0.349,0.528,0.878,140,325
Julio Rodríguez,2022,SEA,AL,132,1,560,511,84,145,89,25,3,28,75,25,7,40,145,0.284,0.345,0.509,0.853,147,260
Kyle Schwarber,2022,PHI,NL,155,1,669,577,100,126,56,21,3,46,94,10,1,86,200,0.218,0.323,0.504,0.827,131,291
Corey Seager,2022,TEX,AL,151,1,663,593,91,145,87,24,1,33,83,3,0,58,103,0.245,0.317,0.455,0.772,117,270
George Springer,2022,TOR,AL,133,1,583,513,89,137,86,22,4,25,76,14,2,54,100,0.267,0.342,0.472,0.814,132,242
Dansby Swanson,2022,ATL,NL,162,1,696,640,99,177,119,32,1,25,96,18,7,49,182,0.277,0.329,0.447,0.776,114,286
Jose Trevino,2022,NYY,AL,115,1,353,335,39,83,59,12,1,11,43,2,1,15,62,0.248,0.283,0.388,0.671,89,130
Mike Trout,2022,LAA,AL,119,1,499,438,85,124,54,28,2,40,80,1,0,54,139,0.283,0.369,0.63,0.999,176,276
Kyle Tucker,2022,HOU,AL,150,1,609,544,71,140,81,28,1,30,107,25,4,59,95,0.257,0.33,0.478,0.808,129,260
Trea Turner,2022,LAD,NL,160,1,708,652,101,194,130,39,4,21,100,27,3,45,131,0.298,0.343,0.466,0.809,124,304
Ronald Acuña Jr.,2021,ATL,NL,82,1,360,297,72,84,40,19,1,24,52,17,6,49,85,0.283,0.394,0.596,0.99,158,177
Ozzie Albies,2021,ATL,NL,156,1,686,629,103,163,86,40,7,30,106,20,4,47,128,0.259,0.31,0.488,0.799,108,307
Jose Altuve,2021,HOU,AL,146,1,678,601,117,167,103,32,1,31,83,5,3,66,91,0.278,0.35,0.489,0.839,127,294
Tim Anderson,2021,CHW,AL,123,1,551,527,94,163,115,29,2,17,61,18,7,22,119,0.309,0.338,0.469,0.806,118,247
Nolan Arenado,2021,STL,NL,157,1,653,593,81,151,80,34,3,34,105,2,0,50,96,0.255,0.312,0.494,0.807,119,293
Mookie Betts,2021,LAD,NL,122,1,550,466,93,123,68,29,3,23,58,10,5,68,86,0.264,0.367,0.487,0.854,126,227
Bo Bichette,2021,TOR,AL,159,1,690,640,121,191,131,30,1,29,102,25,1,40,137,0.298,0.343,0.484,0.828,121,310
Xander Bogaerts,2021,BOS,AL,144,1,603,529,90,156,98,34,1,23,79,5,1,62,113,0.295,0.37,0.493,0.863,129,261
Michael Brantley,2021,HOU,AL,121,1,508,469,68,146,106,29,3,8,47,1,0,33,53,0.311,0.362,0.437,0.799,119,205
Nick Castellanos,2021,CIN,NL,138,1,585,531,95,164,91,38,1,34,100,3,1,41,121,0.309,0.362,0.576,0.939,138,306
Carlos Correa,2021,HOU,AL,148,1,640,555,104,155,94,34,1,26,92,0,0,75,116,0.279,0.366,0.485,0.85,131,269
Brandon Crawford,2021,SFG,NL,138,1,549,483,79,144,87,30,3,24,90,11,3,56,105,0.298,0.373,0.522,0.895,141,252
Jake Cronenworth,2021,SDP,NL,152,1,643,567,94,151,90,33,7,21,71,4,3,55,90,0.266,0.34,0.46,0.8,122,261
Rafael Devers,2021,BOS,AL,156,1,664,591,101,165,89,37,1,38,113,5,5,62,143,0.279,0.352,0.538,0.89,134,318
Freddie Freeman,2021,ATL,NL,159,1,695,600,120,180,122,25,2,31,83,8,3,85,107,0.3,0.393,0.503,0.896,136,302
Adolis García,2021,TEX,AL,149,1,622,581,77,141,82,26,2,31,90,16,5,32,194,0.243,0.286,0.454,0.741,100,264
Vladimir Guerrero Jr.,2021,TOR,AL,161,1,698,604,123,188,110,29,1,48,111,4,1,86,110,0.311,0.401,0.601,1.002,167,363
Teoscar Hernández,2021,TOR,AL,143,1,595,550,92,163,102,29,0,32,116,12,4,36,148,0.296,0.346,0.524,0.87,131,288
Aaron Judge,2021,NYY,AL,148,1,633,550,89,158,95,24,0,39,98,6,1,75,158,0.287,0.373,0.544,0.916,149,299
Manny Machado,2021,SDP,NL,153,1,640,564,92,157,96,31,2,28,106,12,3,63,102,0.278,0.347,0.489,0.836,131,276
J.D. Martinez,2021,BOS,AL,148,1,634,570,92,163,90,42,3,28,99,0,0,55,150,0.286,0.349,0.518,0.867,128,295
Whit Merrifield,2021,KCR,AL,162,1,720,664,97,184,129,42,3,10,74,40,4,40,103,0.277,0.317,0.395,0.711,93,262
Yadier Molina,2021,STL,NL,121,1,473,440,45,111,81,19,0,11,66,3,0,24,79,0.252,0.297,0.37,0.667,84,163
Cedric Mullins,2021,BAL,AL,159,1,675,602,91,175,103,37,5,30,59,30,8,59,125,0.291,0.36,0.518,0.878,137,312
Max Muncy,2021,LAD,NL,144,1,592,497,95,124,60,26,2,36,94,2,1,83,120,0.249,0.368,0.527,0.895,135,262
Omar Narváez,2021,MIL,NL,123,1,445,391,54,104,73,20,0,11,49,0,0,41,84,0.266,0.342,0.402,0.743,101,157
Matt Olson,2021,OAK,AL,156,1,673,565,101,153,79,35,0,39,111,4,1,88,113,0.271,0.371,0.54,0.911,153,305
Shohei Ohtani,2021,LAA,AL,155,1,639,537,103,138,58,26,8,46,100,26,10,96,189,0.257,0.372,0.592,0.965,157,318
Salvador Perez,2021,KCR,AL,161,1,665,620,88,169,97,24,0,48,121,1,0,28,170,0.273,0.316,0.544,0.859,128,337
Buster Posey,2021,SFG,NL,113,1,454,395,68,120,79,23,0,18,56,0,0,56,87,0.304,0.39,0.499,0.889,140,197
José Ramírez,2021,CLE,AL,152,1,636,552,111,147,74,32,5,36,103,27,4,72,87,0.266,0.355,0.538,0.893,142,297
J.T. Realmuto,2021,PHI,NL,134,1,537,476,64,125,79,25,4,17,73,13,3,48,129,0.263,0.343,0.439,0.782,110,209
Bryan Reynolds,2021,PIT,NL,159,1,646,559,93,169,102,35,8,24,90,5,2,75,119,0.302,0.39,0.522,0.912,145,292
Kyle Schwarber,2021,WSN,NL,113,1,471,399,76,106,55,19,0,32,71,1,1,64,127,0.266,0.374,0.554,0.928,149,221
Marcus Semien,2021,TOR,AL,162,1,724,652,115,173,87,39,2,45,102,15,1,66,146,0.265,0.334,0.538,0.873,131,351
Juan Soto,2021,WSN,NL,151,1,654,502,111,157,106,20,2,29,95,9,7,145,93,0.313,0.465,0.534,0.999,175,268
Fernando Tatis Jr.,2021,SDP,NL,130,1,546,478,99,135,62,31,0,42,97,25,4,62,153,0.282,0.364,0.611,0.975,166,292
Chris Taylor,2021,LAD,NL,148,1,582,507,92,129,80,25,4,20,73,13,1,63,167,0.254,0.344,0.438,0.782,107,222
Justin Turner,2021,LAD,NL,151,1,612,533,87,148,99,22,0,27,87,3,0,61,98,0.278,0.361,0.471,0.832,120,251
Jared Walsh,2021,LAA,AL,144,1,585,530,70,147,83,34,1,29,98,2,1,48,152,0.277,0.34,0.509,0.85,127,270
Joey Wendle,2021,TBR,AL,136,1,501,460,73,122,76,31,4,11,54,8,6,28,113,0.265,0.319,0.422,0.741,108,194
Jesse Winker,2021,CIN,NL,110,1,485,423,77,129,72,32,1,24,71,1,0,53,75,0.305,0.394,0.556,0.949,143,235
Mike Zunino,2021,TBR,AL,109,1,375,333,64,72,26,11,2,33,62,0,0,34,132,0.216,0.301,0.559,0.86,136,186
José Abreu,2019,CHW,AL,159,1,693,634,85,180,108,38,1,33,123,2,2,36,152,0.284,0.33,0.503,0.834,118,319
Ronald Acuña Jr.,2019,ATL,NL,156,1,715,626,127,175,110,22,2,41,101,37,9,76,188,0.28,0.365,0.518,0.883,121,324
Pete Alonso,2019,NYM,NL,161,1,693,597,103,155,70,30,2,53,120,1,0,72,183,0.26,0.358,0.583,0.941,147,348
Nolan Arenado,2019,COL,NL,155,1,662,588,102,185,111,31,2,41,118,3,2,62,93,0.315,0.379,0.583,0.962,131,343
Javier Báez,2019,CHC,NL,138,1,561,531,89,149,78,38,4,29,85,11,7,28,156,0.281,0.316,0.531,0.847,115,282
Josh Bell,2019,PIT,NL,143,1,613,527,94,146,69,37,3,37,116,0,1,74,118,0.277,0.367,0.569,0.936,142,300
Cody Bellinger,2019,LAD,NL,156,1,661,558,121,170,86,34,3,47,115,15,5,95,108,0.305,0.406,0.629,1.035,167,351
Mookie Betts,2019,BOS,AL,150,1,706,597,135,176,102,40,5,29,80,16,3,97,101,0.295,0.391,0.524,0.915,134,313
Charlie Blackmon,2019,COL,NL,140,1,634,580,112,182,101,42,7,32,86,2,5,40,104,0.314,0.364,0.576,0.94,125,334
Xander Bogaerts,2019,BOS,AL,155,1,698,614,110,190,105,52,0,33,117,4,2,76,122,0.309,0.384,0.555,0.939,139,341
Michael Brantley,2019,HOU,AL,148,1,637,575,88,179,115,40,2,22,90,3,2,51,66,0.311,0.372,0.503,0.875,126,289
Alex Bregman,2019,HOU,AL,156,1,690,554,122,164,84,37,2,41,112,5,1,119,83,0.296,0.423,0.592,1.015,162,328
Kris Bryant,2019,CHC,NL,147,1,634,543,108,153,86,35,1,31,77,4,0,74,145,0.282,0.382,0.521,0.903,132,283
Matt Chapman,2019,OAK,AL,156,1,670,583,102,145,70,36,3,36,91,1,1,73,147,0.249,0.342,0.506,0.848,127,295
Willson Contreras,2019,CHC,NL,105,1,409,360,57,98,54,18,2,24,64,1,2,38,102,0.272,0.355,0.533,0.888,127,192
David Dahl,2019,COL,NL,100,1,413,374,67,113,65,28,5,15,61,4,4,28,110,0.302,0.353,0.524,0.877,111,196
Paul DeJong,2019,STL,NL,159,1,664,583,97,136,74,31,1,30,78,9,5,62,149,0.233,0.318,0.444,0.762,99,259
Freddie Freeman,2019,ATL,NL,158,1,692,597,113,176,102,34,2,38,121,6,3,87,127,0.295,0.389,0.549,0.938,135,328
Yasmani Grandal,2019,MIL,NL,153,1,632,513,79,126,70,26,2,28,77,5,1,109,139,0.246,0.38,0.468,0.848,119,240
Francisco Lindor,2019,CLE,AL,143,1,654,598,101,170,96,40,2,32,74,22,5,46,98,0.284,0.335,0.518,0.854,118,310
Ketel Marte,2019,ARI,NL,144,1,628,569,97,187,110,36,9,32,92,10,2,53,86,0.329,0.389,0.592,0.981,149,337
J.D. Martinez,2019,BOS,AL,146,1,657,575,98,175,104,33,2,36,105,2,0,72,138,0.304,0.383,0.557,0.939,139,320
James McCann,2019,CHW,AL,118,1,476,439,62,120,75,26,1,18,60,4,1,30,137,0.273,0.328,0.46,0.789,108,202
Jeff McNeil,2019,NYM,NL,133,1,567,510,83,162,100,38,1,23,75,5,6,35,75,0.318,0.384,0.531,0.916,143,271
Austin Meadows,2019,TBR,AL,138,1,591,530,83,154,85,29,7,33,89,12,7,54,131,0.291,0.364,0.558,0.922,144,296
Whit Merrifield,2019,KCR,AL,162,1,735,681,105,206,139,41,10,16,74,20,10,45,126,0.302,0.348,0.463,0.811,111,315
Mike Moustakas,2019,MIL,NL,143,1,584,523,80,133,67,30,1,35,87,3,0,53,98,0.254,0.329,0.516,0.845,114,270
Jorge Polanco,2019,MIN,AL,153,1,704,631,107,186,117,40,7,22,79,4,3,60,116,0.295,0.356,0.485,0.841,121,306
J.T. Realmuto,2019,PHI,NL,145,1,593,538,92,148,84,36,3,25,83,9,1,41,123,0.275,0.328,0.493,0.82,109,265
Anthony Rendon,2019,WSN,NL,146,1,646,545,117,174,93,44,3,34,126,5,1,80,86,0.319,0.412,0.598,1.01,157,326
Gary Sánchez,2019,NYY,AL,106,1,446,396,62,92,45,12,1,34,77,0,1,40,125,0.232,0.316,0.525,0.841,119,208
Carlos Santana,2019,CLE,AL,158,1,686,573,110,161,96,30,1,34,93,4,0,108,108,0.281,0.397,0.515,0.911,136,295
George Springer,2019,HOU,AL,122,1,556,479,96,140,78,20,3,39,96,6,2,67,113,0.292,0.383,0.591,0.974,150,283
Trevor Story,2019,COL,NL,145,1,656,588,111,173,95,38,5,35,85,23,8,58,174,0.294,0.363,0.554,0.917,120,326
Mike Trout,2019,LAA,AL,134,1,600,470,110,137,63,27,2,45,104,11,2,110,120,0.291,0.438,0.645,1.083,182,303
Daniel Vogelbach,2019,SEA,AL,144,1,558,462,73,96,49,17,0,30,76,0,0,92,149,0.208,0.341,0.439,0.78,111,203
Christian Yelich,2019,MIL,NL,130,1,580,489,100,161,85,29,3,44,97,30,2,80,118,0.329,0.429,0.671,1.1,179,328
José Abreu,2018,CHW,AL,128,1,553,499,68,132,73,36,1,22,78,2,0,37,109,0.265,0.325,0.473,0.798,117,236
Jesús Aguilar,2018,MIL,NL,149,1,566,492,80,135,75,25,0,35,108,0,0,58,143,0.274,0.352,0.539,0.89,135,265
Ozzie Albies,2018,ATL,NL,158,1,684,639,105,167,98,40,5,24,72,14,3,36,116,0.261,0.305,0.452,0.757,101,289
Jose Altuve,2018,HOU,AL,137,1,599,534,84,169,125,29,2,13,61,17,4,55,79,0.316,0.386,0.451,0.837,130,241
Nolan Arenado,2018,COL,NL,156,1,673,590,104,175,97,38,2,38,110,2,2,73,122,0.297,0.374,0.561,0.935,133,331
Javier Báez,2018,CHC,NL,160,1,645,606,101,176,93,40,9,34,111,21,9,29,167,0.29,0.326,0.554,0.881,129,336
Mookie Betts,2018,BOS,AL,136,1,614,520,129,180,96,47,5,32,80,30,6,81,91,0.346,0.438,0.64,1.078,186,333
Charlie Blackmon,2018,COL,NL,156,1,696,626,119,182,115,31,7,29,70,12,4,59,134,0.291,0.358,0.502,0.86,115,314
Michael Brantley,2018,CLE,AL,143,1,631,570,89,176,121,36,2,17,76,12,3,48,60,0.309,0.364,0.468,0.832,124,267
Alex Bregman,2018,HOU,AL,157,1,705,594,105,170,87,51,1,31,103,10,4,96,85,0.286,0.394,0.532,0.926,152,316
Lorenzo Cain,2018,MIL,NL,141,1,620,539,90,166,129,25,2,10,38,30,7,71,94,0.308,0.395,0.417,0.813,119,225
Shin-Soo Choo,2018,TEX,AL,146,1,665,560,83,148,96,30,1,21,62,6,1,92,156,0.264,0.377,0.434,0.81,114,243
Willson Contreras,2018,CHC,NL,138,1,544,474,50,118,76,27,5,10,54,4,1,53,121,0.249,0.339,0.39,0.73,94,185
Brandon Crawford,2018,SFG,NL,151,1,594,531,63,135,91,28,2,14,54,4,5,50,122,0.254,0.325,0.394,0.719,100,209
Nelson Cruz,2018,SEA,AL,144,1,591,519,70,133,77,18,1,37,97,1,0,55,122,0.256,0.342,0.509,0.85,135,264
Freddie Freeman,2018,ATL,NL,162,1,707,618,94,191,120,44,4,23,98,10,3,76,132,0.309,0.388,0.505,0.892,139,312
Scooter Gennett,2018,CIN,NL,154,1,638,584,86,181,125,30,3,23,92,4,2,42,125,0.31,0.357,0.49,0.847,125,286
Paul Goldschmidt,2018,ARI,NL,158,1,690,593,95,172,99,35,5,33,83,7,4,90,173,0.29,0.389,0.533,0.922,142,316
Yan Gomes,2018,CLE,AL,112,1,435,403,52,107,65,26,0,16,48,0,0,21,119,0.266,0.313,0.449,0.762,103,181
Mitch Haniger,2018,SEA,AL,157,1,683,596,90,170,102,38,4,26,93,8,2,70,148,0.285,0.366,0.493,0.859,139,294
Bryce Harper,2018,WSN,NL,159,1,695,550,103,137,69,34,0,34,100,13,3,130,169,0.249,0.393,0.496,0.889,133,273
Aaron Judge,2018,NYY,AL,112,1,498,413,77,115,66,22,0,27,67,6,3,76,152,0.278,0.392,0.528,0.919,150,218
Matt Kemp,2018,LAD,NL,146,1,506,462,62,134,88,25,0,21,85,0,0,36,115,0.29,0.338,0.481,0.818,121,222
Francisco Lindor,2018,CLE,AL,158,1,745,661,129,183,101,42,2,38,92,25,10,70,107,0.277,0.352,0.519,0.871,132,343
Jed Lowrie,2018,OAK,AL,157,1,680,596,78,159,98,37,1,23,99,0,0,78,128,0.267,0.353,0.448,0.801,121,267
Manny Machado,2018,BAL,AL,162,1,709,632,84,188,113,35,3,37,107,14,2,70,104,0.297,0.367,0.538,0.905,145,340
Nick Markakis,2018,ATL,NL,162,1,705,623,78,185,126,43,2,14,93,1,1,72,80,0.297,0.366,0.44,0.806,116,274
J.D. Martinez,2018,BOS,AL,150,1,649,569,111,188,106,37,2,43,130,6,1,69,146,0.33,0.402,0.629,1.031,173,358
Yadier Molina,2018,STL,NL,123,1,503,459,55,120,80,20,0,20,74,4,3,29,66,0.261,0.314,0.436,0.75,103,200
Mitch Moreland,2018,BOS,AL,124,1,459,404,57,99,57,23,4,15,68,2,0,50,102,0.245,0.325,0.433,0.758,102,175
Salvador Perez,2018,KCR,AL,129,1,544,510,52,120,70,23,0,27,80,1,1,17,108,0.235,0.274,0.439,0.713,91,224
Buster Posey,2018,SFG,NL,105,1,448,398,47,113,85,22,1,5,41,3,2,45,53,0.284,0.359,0.382,0.741,108,152
José Ramírez,2018,CLE,AL,157,1,698,578,110,156,75,38,4,39,105,34,6,106,80,0.27,0.387,0.552,0.939,151,319
Wilson Ramos,2018,TBR,AL,111,1,416,382,39,117,79,22,1,15,70,0,0,32,80,0.306,0.358,0.487,0.845,130,186
J.T. Realmuto,2018,MIA,NL,125,1,531,477,74,132,78,30,3,21,74,3,2,38,104,0.277,0.34,0.484,0.825,126,231
Jean Segura,2018,SEA,AL,144,1,632,586,91,178,136,29,3,10,63,20,11,32,69,0.304,0.341,0.415,0.755,112,243
George Springer,2018,HOU,AL,140,1,620,544,102,144,96,26,0,22,71,6,4,64,122,0.265,0.346,0.434,0.78,114,236
Trevor Story,2018,COL,NL,157,1,656,598,88,174,89,42,6,37,108,27,6,47,168,0.291,0.348,0.567,0.914,127,339
Eugenio Suárez,2018,CIN,NL,143,1,606,527,79,149,91,22,2,34,104,1,1,64,142,0.283,0.366,0.526,0.892,136,277
Gleyber Torres,2018,NYY,AL,123,1,484,431,54,117,76,16,1,24,77,6,2,42,122,0.271,0.34,0.48,0.82,122,207
Mike Trout,2018,LAA,AL,140,1,608,471,101,147,80,24,4,39,79,24,2,122,124,0.312,0.46,0.628,1.088,198,296
Joey Votto,2018,CIN,NL,145,1,623,503,67,143,101,28,2,12,67,2,0,108,101,0.284,0.417,0.419,0.837,126,211
Christian Yelich,2018,MIL,NL,147,1,651,574,118,187,110,34,7,36,110,22,4,68,135,0.326,0.402,0.598,1.0,164,343
Jose Altuve,2017,HOU,AL,153,1,662,590,112,204,137,39,4,24,81,32,6,58,84,0.346,0.41,0.547,0.957,160,323
Nolan Arenado,2017,COL,NL,159,1,680,606,100,187,100,43,7,37,130,3,2,62,106,0.309,0.373,0.586,0.959,130,355
Cody Bellinger,2017,LAD,NL,132,1,548,480,87,128,59,26,4,39,97,10,3,64,146,0.267,0.352,0.581,0.933,143,279
Mookie Betts,2017,BOS,AL,153,1,712,628,101,166,94,46,2,24,102,26,3,77,79,0.264,0.344,0.459,0.803,108,288
Charlie Blackmon,2017,COL,NL,159,1,725,644,137,213,127,35,14,37,104,14,10,65,135,0.331,0.399,0.601,1.0,141,387
Michael Brantley,2017,CLE,AL,90,1,375,338,47,101,71,20,1,9,52,11,1,31,50,0.299,0.357,0.444,0.801,108,150
Robinson Canó,2017,SEA,AL,150,1,648,592,79,166,110,33,0,23,97,1,0,49,85,0.28,0.338,0.453,0.791,114,268
Starlin Castro,2017,NYY,AL,112,1,473,443,66,133,98,18,1,16,63,2,0,23,93,0.3,0.338,0.454,0.792,106,201
Michael Conforto,2017,NYM,NL,109,1,440,373,72,104,56,20,1,27,68,2,0,57,113,0.279,0.384,0.555,0.939,148,207
Carlos Correa,2017,HOU,AL,109,1,481,422,82,133,83,25,1,24,84,2,1,53,92,0.315,0.391,0.55,0.941,155,232
Zack Cozart,2017,CIN,NL,122,1,507,438,80,130,75,24,7,24,63,3,0,62,78,0.297,0.385,0.548,0.933,140,240
Nelson Cruz,2017,SEA,AL,155,1,645,556,91,160,93,28,0,39,119,1,1,70,140,0.288,0.375,0.549,0.924,149,305
Corey Dickerson,2017,TBR,AL,150,1,629,588,84,166,102,33,4,27,62,4,3,35,152,0.282,0.325,0.49,0.815,118,288
Avisaíl García,2017,CHW,AL,136,1,561,518,75,171,121,27,5,18,80,5,3,33,111,0.33,0.38,0.506,0.885,138,262
Paul Goldschmidt,2017,ARI,NL,155,1,665,558,117,166,93,34,3,36,120,18,5,94,147,0.297,0.404,0.563,0.966,142,314
Bryce Harper,2017,WSN,NL,111,1,492,420,95,134,77,27,1,29,87,4,2,68,99,0.319,0.413,0.595,1.008,156,250
Josh Harrison,2017,PIT,NL,128,1,542,486,66,132,88,26,2,16,47,12,4,28,90,0.272,0.339,0.432,0.771,103,210
Ender Inciarte,2017,ATL,NL,157,1,718,662,93,201,158,27,5,11,57,22,9,49,94,0.304,0.35,0.409,0.759,98,271
Aaron Judge,2017,NYY,AL,155,1,678,542,128,154,75,24,3,52,114,9,4,127,208,0.284,0.422,0.627,1.049,171,340
Jake Lamb,2017,ARI,NL,149,1,635,536,89,133,69,30,4,30,105,6,4,87,152,0.248,0.357,0.487,0.844,112,261
DJ LeMahieu,2017,COL,NL,155,1,682,609,95,189,149,28,4,8,64,6,5,59,90,0.31,0.374,0.409,0.783,93,249
Francisco Lindor,2017,CLE,AL,159,1,723,651,99,178,97,44,4,33,89,15,3,60,93,0.273,0.337,0.505,0.842,116,329
Yadier Molina,2017,STL,NL,136,1,543,501,60,137,91,27,1,18,82,9,4,28,74,0.273,0.312,0.439,0.751,96,220
Mike Moustakas,2017,KCR,AL,148,1,598,555,75,151,89,24,0,38,85,0,0,34,94,0.272,0.314,0.521,0.835,117,289
Daniel Murphy,2017,WSN,NL,144,1,593,534,94,172,103,43,3,23,93,2,0,52,77,0.322,0.384,0.543,0.928,136,290
Marcell Ozuna,2017,MIA,NL,159,1,679,613,93,191,122,30,2,37,124,1,3,64,144,0.312,0.376,0.548,0.924,149,336
Salvador Perez,2017,KCR,AL,129,1,499,471,57,126,74,24,1,27,80,1,0,17,95,0.268,0.297,0.495,0.792,106,233
Buster Posey,2017,SFG,NL,140,1,568,494,62,158,112,34,0,12,67,6,1,61,66,0.32,0.4,0.462,0.861,127,228
José Ramírez,2017,CLE,AL,152,1,645,585,107,186,95,56,6,29,83,17,5,52,69,0.318,0.374,0.583,0.957,145,341
Gary Sánchez,2017,NYY,AL,122,1,525,471,79,131,78,20,0,33,90,2,1,40,120,0.278,0.345,0.531,0.876,126,250
Miguel Sanó,2017,MIN,AL,114,1,483,424,75,112,67,15,2,28,77,0,0,54,173,0.264,0.352,0.507,0.859,126,215
Jonathan Schoop,2017,BAL,AL,160,1,675,622,92,182,115,35,0,32,105,1,0,35,142,0.293,0.338,0.503,0.841,124,313
Corey Seager,2017,LAD,NL,145,1,613,539,85,159,104,33,0,22,77,4,2,67,131,0.295,0.375,0.479,0.854,126,258
Justin Smoak,2017,TOR,AL,158,1,637,560,85,151,83,29,1,38,90,0,1,73,128,0.27,0.355,0.529,0.883,131,296
George Springer,2017,HOU,AL,140,1,629,548,112,155,92,29,0,34,85,5,7,64,111,0.283,0.367,0.522,0.889,141,286
Giancarlo Stanton,2017,MIA,NL,159,1,692,597,123,168,77,32,0,59,132,2,2,85,163,0.281,0.376,0.631,1.007,169,377
Mike Trout,2017,LAA,AL,114,1,507,402,92,123,62,25,3,33,72,22,4,94,90,0.306,0.442,0.629,1.071,186,253
Justin Turner,2017,LAD,NL,130,1,543,457,72,147,94,32,0,21,71,7,1,59,56,0.322,0.415,0.53,0.945,150,242
Joey Votto,2017,CIN,NL,162,1,707,559,106,179,108,34,1,36,100,5,1,134,83,0.32,0.454,0.578,1.032,167,323
Ryan Zimmerman,2017,WSN,NL,144,1,576,524,90,159,90,33,0,36,108,1,0,44,126,0.303,0.358,0.573,0.93,134,300
Jose Altuve,2016,HOU,AL,161,1,717,640,108,216,145,42,5,24,96,30,10,60,70,0.338,0.396,0.531,0.928,155,340
Nolan Arenado,2016,COL,NL,160,1,696,618,116,182,100,35,6,41,133,2,3,68,103,0.294,0.362,0.57,0.932,129,352
Brandon Belt,2016,SFG,NL,156,1,655,542,77,149,83,41,8,17,82,0,4,104,148,0.275,0.394,0.474,0.868,135,257
Mookie Betts,2016,BOS,AL,158,1,730,672,122,214,136,42,5,31,113,26,4,49,80,0.318,0.363,0.534,0.897,133,359
Xander Bogaerts,2016,BOS,AL,157,1,719,652,115,192,136,34,1,21,89,13,4,58,123,0.294,0.356,0.446,0.802,111,291
Jackie Bradley Jr.,2016,BOS,AL,156,1,636,558,94,149,86,30,7,26,87,9,2,63,143,0.267,0.349,0.486,0.835,118,271
Kris Bryant,2016,CHC,NL,155,1,699,603,121,176,99,35,3,39,102,8,5,75,154,0.292,0.385,0.554,0.939,146,334
Miguel Cabrera,2016,DET,AL,158,1,679,595,92,188,118,31,1,38,108,0,0,75,116,0.316,0.393,0.563,0.956,155,335
Robinson Canó,2016,SEA,AL,161,1,715,655,107,195,121,33,2,39,103,0,1,47,100,0.298,0.35,0.533,0.882,138,349
Yoenis Céspedes,2016,NYM,NL,132,1,543,479,72,134,77,25,1,31,86,3,1,51,108,0.28,0.354,0.53,0.884,136,254
Ian Desmond,2016,TEX,AL,156,1,677,625,107,178,124,29,3,22,86,21,6,44,160,0.285,0.335,0.446,0.782,104,279
Aledmys Díaz,2016,STL,NL,111,1,460,404,71,121,73,28,3,17,65,4,4,41,60,0.3,0.369,0.51,0.879,134,206
Josh Donaldson,2016,TOR,AL,155,1,700,577,122,164,90,32,5,37,99,7,1,109,119,0.284,0.404,0.549,0.953,153,317
Adam Duvall,2016,CIN,NL,150,1,608,552,85,133,63,31,6,33,103,6,5,41,164,0.241,0.297,0.498,0.795,106,275
Edwin Encarnación,2016,TOR,AL,160,1,702,601,99,158,82,34,0,42,127,2,0,87,138,0.263,0.357,0.529,0.886,134,318
Dexter Fowler,2016,CHC,NL,125,1,551,456,84,126,81,25,7,13,48,13,4,79,124,0.276,0.393,0.447,0.84,123,204
Paul Goldschmidt,2016,ARI,NL,158,1,705,579,106,172,112,33,3,24,95,32,5,110,150,0.297,0.411,0.489,0.899,133,283
Carlos González,2016,COL,NL,150,1,632,584,87,174,105,42,2,25,100,2,2,46,129,0.298,0.35,0.505,0.855,111,295
Bryce Harper,2016,WSN,NL,147,1,627,506,84,123,73,24,2,24,86,21,10,108,117,0.243,0.373,0.441,0.814,114,223
Odúbel Herrera,2016,PHI,NL,159,1,656,583,87,167,125,21,6,15,49,25,7,63,134,0.286,0.361,0.42,0.781,109,245
Eric Hosmer,2016,KCR,AL,158,1,667,605,80,161,111,24,1,25,104,5,3,57,132,0.266,0.328,0.433,0.761,102,262
Francisco Lindor,2016,CLE,AL,158,1,684,604,99,182,134,30,3,15,78,19,5,57,88,0.301,0.358,0.435,0.794,106,263
Jonathan Lucroy,2016,MIL,NL,142,1,544,490,67,143,92,24,3,24,81,5,0,47,100,0.292,0.355,0.5,0.855,123,245
Manny Machado,2016,BAL,AL,157,1,696,640,105,188,110,40,1,37,96,0,3,48,120,0.294,0.343,0.533,0.876,130,341
Starling Marte,2016,PIT,NL,129,1,529,489,71,152,104,34,5,9,46,47,12,23,104,0.311,0.362,0.456,0.818,118,223
Daniel Murphy,2016,WSN,NL,142,1,582,531,88,184,107,47,5,25,104,5,3,35,57,0.347,0.39,0.595,0.985,155,316
Wil Myers,2016,SDP,NL,157,1,676,599,99,155,94,29,4,28,94,28,6,68,160,0.259,0.336,0.461,0.797,115,276
Eduardo Núñez,2016,MIN,AL,141,1,595,553,73,159,115,24,4,16,67,40,10,29,88,0.288,0.325,0.432,0.758,103,239
David Ortiz,2016,BOS,AL,151,1,626,537,79,169,82,48,1,38,127,2,0,80,86,0.315,0.401,0.62,1.021,164,333
Marcell Ozuna,2016,MIA,NL,148,1,608,557,75,148,96,23,6,23,76,0,3,43,115,0.266,0.321,0.452,0.773,110,252
Salvador Perez,2016,KCR,AL,139,1,546,514,57,127,75,28,2,22,64,0,0,22,119,0.247,0.288,0.438,0.725,91,225
Buster Posey,2016,SFG,NL,146,1,614,539,82,155,106,33,2,14,80,6,1,64,68,0.288,0.362,0.434,0.796,115,234
Wilson Ramos,2016,WSN,NL,131,1,523,482,58,148,101,25,0,22,80,0,0,35,79,0.307,0.354,0.496,0.85,121,239
Anthony Rizzo,2016,CHC,NL,155,1,676,583,94,170,91,43,4,32,109,3,5,74,108,0.292,0.385,0.544,0.928,143,317
Addison Russell,2016,CHC,NL,151,1,598,525,67,125,76,25,3,21,95,5,1,55,135,0.238,0.321,0.417,0.738,94,219
Michael Saunders,2016,TOR,AL,140,1,558,490,70,124,65,32,3,24,57,1,2,59,157,0.253,0.338,0.478,0.815,116,234
Corey Seager,2016,LAD,NL,157,1,687,627,105,193,122,40,5,26,72,3,3,54,133,0.308,0.365,0.512,0.877,134,321
Mike Trout,2016,LAA,AL,159,1,681,549,123,173,107,32,5,29,100,30,7,116,137,0.315,0.441,0.55,0.991,173,302
Mark Trumbo,2016,BAL,AL,159,1,667,613,94,157,82,27,1,47,108,2,0,51,170,0.256,0.316,0.533,0.85,122,327
Stephen Vogt,2016,OAK,AL,137,1,532,490,54,123,77,30,2,14,56,0,0,35,83,0.251,0.305,0.406,0.711,94,199
Matt Wieters,2016,BAL,AL,124,1,464,423,48,103,68,17,1,17,66,1,0,32,85,0.243,0.302,0.409,0.711,89,173
Ben Zobrist,2016,CHC,NL,147,1,631,523,94,142,90,31,3,18,76,6,4,96,82,0.272,0.386,0.446,0.831,121,233
Jose Altuve,2015,HOU,AL,154,1,689,638,86,200,141,40,4,15,66,38,13,33,67,0.313,0.353,0.459,0.812,125,293
Nolan Arenado,2015,COL,NL,157,1,665,616,97,177,88,43,4,42,130,2,5,34,110,0.287,0.323,0.575,0.898,124,354
José Bautista,2015,TOR,AL,153,1,666,543,108,136,64,29,3,40,114,8,2,110,106,0.25,0.377,0.536,0.913,145,291
Ryan Braun,2015,MIL,NL,140,1,568,506,87,144,89,27,3,25,84,24,4,54,115,0.285,0.356,0.498,0.854,131,252
Kris Bryant,2015,CHC,NL,151,1,650,559,87,154,92,31,5,26,99,13,4,77,199,0.275,0.369,0.488,0.858,135,273
Miguel Cabrera,2015,DET,AL,119,1,511,429,64,145,98,28,1,18,76,1,1,77,82,0.338,0.44,0.534,0.974,169,229
Lorenzo Cain,2015,KCR,AL,140,1,604,551,101,169,113,34,6,16,72,28,6,37,98,0.307,0.361,0.477,0.838,125,263
Brandon Crawford,2015,SFG,NL,143,1,561,507,65,130,72,33,4,21,84,6,4,39,119,0.256,0.321,0.462,0.782,113,234
Nelson Cruz,2015,SEA,AL,152,1,655,590,90,178,111,22,1,44,93,3,2,59,164,0.302,0.369,0.566,0.936,159,334
Josh Donaldson,2015,TOR,AL,158,1,711,620,122,184,100,41,2,41,123,6,0,73,133,0.297,0.371,0.568,0.939,151,352
Brian Dozier,2015,MIN,AL,157,1,704,628,101,148,77,39,4,28,77,12,4,61,148,0.236,0.307,0.444,0.751,104,279
Alcides Escobar,2015,KCR,AL,148,1,662,612,76,157,129,20,5,3,47,17,5,26,75,0.257,0.293,0.32,0.614,67,196
Prince Fielder,2015,TEX,AL,158,1,693,613,78,187,136,28,0,23,98,0,0,64,88,0.305,0.378,0.463,0.841,126,284
Todd Frazier,2015,CIN,NL,157,1,678,619,82,158,79,43,1,35,89,13,8,44,137,0.255,0.309,0.498,0.806,117,308
Brett Gardner,2015,NYY,AL,151,1,656,571,94,148,103,26,3,16,66,20,5,68,135,0.259,0.343,0.399,0.742,103,228
Paul Goldschmidt,2015,ARI,NL,159,1,695,567,103,182,109,38,2,33,110,21,5,118,151,0.321,0.435,0.57,1.005,168,323
Adrián González,2015,LAD,NL,156,1,643,571,76,157,96,33,0,28,90,0,1,62,107,0.275,0.35,0.48,0.83,130,274
Alex Gordon,2015,KCR,AL,104,1,422,354,40,96,65,18,0,13,48,2,5,49,92,0.271,0.377,0.432,0.809,119,153
Yasmani Grandal,2015,LAD,NL,115,1,426,355,43,83,55,12,0,16,47,0,1,65,92,0.234,0.353,0.403,0.756,112,143
Bryce Harper,2015,WSN,NL,153,1,654,521,118,172,91,38,1,42,99,6,4,124,131,0.33,0.46,0.649,1.109,198,338
Jose Iglesias,2015,DET,AL,120,1,454,416,44,125,103,17,3,2,23,11,8,25,44,0.3,0.347,0.37,0.717,99,154
Adam Jones,2015,BAL,AL,137,1,581,546,74,147,92,25,3,27,82,3,1,24,102,0.269,0.308,0.474,0.782,110,259
Jason Kipnis,2015,CLE,AL,141,1,641,565,86,171,112,43,7,9,52,12,8,57,107,0.303,0.372,0.451,0.823,120,255
DJ LeMahieu,2015,COL,NL,150,1,620,564,85,170,138,21,5,6,61,23,3,50,107,0.301,0.358,0.388,0.746,92,219
Manny Machado,2015,BAL,AL,162,1,713,633,102,181,115,30,1,35,86,20,8,70,111,0.286,0.359,0.502,0.861,132,318
Russell Martin,2015,TOR,AL,129,1,507,441,76,106,58,23,2,23,77,4,5,53,106,0.24,0.329,0.458,0.787,112,202
J.D. Martinez,2015,DET,AL,158,1,657,596,93,168,95,33,2,38,102,3,2,53,178,0.282,0.344,0.535,0.879,139,319
Andrew McCutchen,2015,PIT,NL,157,1,685,566,91,165,103,36,3,23,96,11,5,98,133,0.292,0.401,0.488,0.889,144,276
Yadier Molina,2015,STL,NL,136,1,530,488,34,132,103,23,2,4,61,3,1,32,59,0.27,0.31,0.35,0.66,80,171
Mike Moustakas,2015,KCR,AL,147,1,614,549,73,156,99,34,1,22,82,1,2,43,76,0.284,0.348,0.47,0.817,119,258
Joe Panik,2015,SFG,NL,100,1,432,382,59,119,82,27,2,8,37,3,2,38,42,0.312,0.378,0.455,0.833,129,174
Joc Pederson,2015,LAD,NL,151,1,585,480,67,101,55,19,1,26,54,4,7,92,170,0.21,0.346,0.417,0.763,113,200
Jhonny Peralta,2015,STL,NL,155,1,640,579,64,159,115,26,1,17,71,1,4,50,111,0.275,0.334,0.411,0.745,103,238
Salvador Perez,2015,KCR,AL,142,1,553,531,52,138,92,25,0,21,70,1,0,13,82,0.26,0.28,0.426,0.706,88,226
AJ Pollock,2015,ARI,NL,157,1,673,609,111,192,127,39,6,20,76,39,7,53,89,0.315,0.367,0.498,0.865,130,303
Buster Posey,2015,SFG,NL,150,1,623,557,74,177,130,28,0,19,95,2,0,56,52,0.318,0.379,0.47,0.849,133,262
Albert Pujols,2015,LAA,AL,157,1,661,602,85,147,85,22,0,40,95,5,3,50,72,0.244,0.307,0.48,0.787,118,289
Anthony Rizzo,2015,CHC,NL,160,1,701,586,94,163,91,38,3,31,101,17,6,78,105,0.278,0.387,0.512,0.899,146,300
Dee Strange-Gordon,2015,MIA,NL,145,1,653,615,88,205,169,24,8,4,46,58,20,25,91,0.333,0.359,0.418,0.776,116,257
Mark Teixeira,2015,NYY,AL,111,1,462,392,57,100,47,22,0,31,79,2,0,59,85,0.255,0.357,0.548,0.906,144,215
Mike Trout,2015,LAA,AL,159,1,682,575,104,172,93,32,6,41,90,11,7,92,158,0.299,0.402,0.59,0.991,176,339
Troy Tulowitzki,2015,COL,NL,128,1,534,486,77,136,92,27,0,17,70,1,0,38,114,0.28,0.337,0.44,0.777,101,214
Justin Upton,2015,SDP,NL,150,1,620,542,85,136,81,26,3,26,81,19,5,68,159,0.251,0.336,0.454,0.79,119,246
Stephen Vogt,2015,OAK,AL,136,1,511,445,58,116,74,21,3,18,71,0,2,56,97,0.261,0.341,0.443,0.783,117,197
José Abreu,2014,CHW,AL,145,1,622,556,80,176,103,35,2,36,107,3,1,51,131,0.317,0.383,0.581,0.964,173,323
Jose Altuve,2014,HOU,AL,158,1,707,660,85,225,168,47,3,7,59,56,9,36,53,0.341,0.377,0.453,0.83,135,299
Erick Aybar,2014,LAA,AL,156,1,642,589,77,164,123,30,4,7,68,16,9,36,62,0.278,0.321,0.379,0.7,103,223
José Bautista,2014,TOR,AL,155,1,673,553,101,158,96,27,0,35,103,6,2,104,96,0.286,0.403,0.524,0.928,162,290
Adrian Beltré,2014,TEX,AL,148,1,614,549,79,178,125,33,1,19,77,1,1,57,74,0.324,0.388,0.492,0.879,144,270
Charlie Blackmon,2014,COL,NL,154,1,648,593,82,171,122,27,3,19,72,28,10,31,96,0.288,0.335,0.44,0.775,103,261
Michael Brantley,2014,CLE,AL,156,1,676,611,94,200,133,45,2,20,97,23,1,52,56,0.327,0.385,0.506,0.89,148,309
Miguel Cabrera,2014,DET,AL,159,1,685,611,101,191,113,52,1,25,109,1,1,60,117,0.313,0.371,0.524,0.895,150,320
Robinson Canó,2014,SEA,AL,157,1,665,595,77,187,134,37,2,14,82,10,3,61,68,0.314,0.382,0.454,0.836,142,270
Matt Carpenter,2014,STL,NL,158,1,709,595,99,162,119,33,2,8,59,5,3,95,111,0.272,0.375,0.375,0.75,112,223
Starlin Castro,2014,CHC,NL,134,1,569,528,58,154,106,33,1,14,65,4,4,35,100,0.292,0.339,0.438,0.777,115,231
Nelson Cruz,2014,BAL,AL,159,1,678,613,87,166,92,32,2,40,108,4,5,55,140,0.271,0.333,0.525,0.859,137,322
Josh Donaldson,2014,OAK,AL,158,1,695,608,93,155,93,31,2,29,98,8,0,76,130,0.255,0.342,0.456,0.798,127,277
Edwin Encarnación,2014,TOR,AL,128,1,542,477,75,128,65,27,2,34,98,2,0,62,82,0.268,0.354,0.547,0.901,152,261
Todd Frazier,2014,CIN,NL,157,1,660,597,88,163,111,22,1,29,80,20,8,52,139,0.273,0.336,0.459,0.795,121,274
Freddie Freeman,2014,ATL,NL,162,1,708,607,93,175,110,43,4,18,78,3,4,90,145,0.288,0.386,0.461,0.847,139,280
Paul Goldschmidt,2014,ARI,NL,109,1,479,406,75,122,63,39,1,19,69,9,3,64,110,0.3,0.396,0.542,0.938,158,220
Carlos Gómez,2014,MIL,NL,148,1,644,574,95,163,102,34,4,23,73,34,12,47,141,0.284,0.356,0.477,0.833,129,274
Alex Gordon,2014,KCR,AL,156,1,643,563,87,150,96,34,1,19,74,12,3,65,126,0.266,0.351,0.432,0.783,118,243
Derek Jeter,2014,NYY,AL,145,1,634,581,47,149,125,19,1,4,50,10,2,35,87,0.256,0.304,0.313,0.617,76,182
Adam Jones,2014,BAL,AL,159,1,682,644,88,181,120,30,2,29,96,7,1,19,133,0.281,0.311,0.469,0.78,115,302
Ian Kinsler,2014,DET,AL,161,1,726,684,100,188,127,40,4,17,92,15,4,29,79,0.275,0.307,0.42,0.727,103,287
Jonathan Lucroy,2014,MIL,NL,153,1,655,585,73,176,108,53,2,13,69,4,4,66,71,0.301,0.373,0.465,0.837,131,272
Victor Martinez,2014,DET,AL,151,1,641,561,87,188,123,33,0,32,103,3,2,70,42,0.335,0.409,0.565,0.974,172,317
Andrew McCutchen,2014,PIT,NL,146,1,648,548,89,172,103,38,6,25,83,18,3,84,115,0.314,0.41,0.542,0.952,166,297
Devin Mesoraco,2014,CIN,NL,114,1,440,384,54,105,55,25,0,25,80,1,3,41,103,0.273,0.359,0.534,0.893,147,205
Yadier Molina,2014,STL,NL,110,1,445,404,40,114,86,21,0,7,38,1,1,28,55,0.282,0.333,0.386,0.719,102,156
Miguel Montero,2014,ARI,NL,136,1,560,489,40,119,83,23,0,13,72,0,4,56,97,0.243,0.329,0.37,0.699,95,181
Brandon Moss,2014,OAK,AL,147,1,580,500,70,117,67,23,2,25,81,1,0,67,153,0.234,0.334,0.438,0.772,120,219
Daniel Murphy,2014,NYM,NL,143,1,642,596,79,172,124,37,2,9,57,13,5,39,86,0.289,0.332,0.403,0.734,111,240
Derek Norris,2014,OAK,AL,127,1,442,385,46,104,74,19,1,10,55,2,2,54,86,0.27,0.361,0.403,0.763,119,155
Hunter Pence,2014,SFG,NL,162,1,708,650,106,180,121,29,10,20,74,13,6,52,130,0.277,0.332,0.445,0.777,121,289
Salvador Perez,2014,KCR,AL,150,1,606,578,57,150,103,28,2,17,70,1,0,22,85,0.26,0.289,0.403,0.692,91,233
Yasiel Puig,2014,LAD,NL,148,1,640,558,92,165,103,37,9,16,69,11,7,67,124,0.296,0.382,0.48,0.863,145,268
Aramis Ramírez,2014,MIL,NL,133,1,531,494,47,141,102,23,1,15,66,3,0,21,75,0.285,0.33,0.427,0.757,108,211
Alexei Ramírez,2014,CHW,AL,158,1,657,622,82,170,118,35,2,15,74,21,4,24,81,0.273,0.305,0.408,0.713,103,254
Anthony Rizzo,2014,CHC,NL,140,1,616,524,89,150,89,28,1,32,78,5,4,73,116,0.286,0.386,0.527,0.913,152,276
Kyle Seager,2014,SEA,AL,159,1,654,590,71,158,102,27,4,25,96,7,5,52,118,0.268,0.334,0.454,0.788,127,268
Giancarlo Stanton,2014,MIA,NL,145,1,638,539,89,155,86,31,1,37,105,13,1,94,170,0.288,0.395,0.555,0.95,164,299
Dee Strange-Gordon,2014,LAD,NL,148,1,650,609,92,176,138,24,12,2,34,64,19,31,107,0.289,0.326,0.378,0.704,101,230
Kurt Suzuki,2014,MIN,AL,131,1,503,452,37,130,93,34,0,3,61,0,1,34,46,0.288,0.345,0.383,0.727,105,173
Mike Trout,2014,LAA,AL,157,1,705,602,115,173,89,39,9,36,111,16,2,83,184,0.287,0.377,0.561,0.939,169,338
Troy Tulowitzki,2014,COL,NL,91,1,375,315,71,107,67,18,1,21,52,1,1,50,57,0.34,0.432,0.603,1.035,170,190
Chase Utley,2014,PHI,NL,155,1,664,589,74,159,106,36,6,11,78,10,1,53,85,0.27,0.339,0.407,0.746,108,240
Pedro Álvarez,2013,PIT,NL,152,1,614,558,70,130,70,22,2,36,100,2,0,48,186,0.233,0.296,0.473,0.77,115,264
José Bautista,2013,TOR,AL,118,1,528,452,82,117,65,24,0,28,73,7,2,69,84,0.259,0.358,0.498,0.856,132,225
Carlos Beltrán,2013,STL,NL,145,1,600,554,79,164,107,30,3,24,84,2,1,38,90,0.296,0.339,0.491,0.83,127,272
Domonic Brown,2013,PHI,NL,139,1,540,496,65,135,83,21,4,27,83,8,3,39,97,0.272,0.324,0.494,0.818,124,245
Everth Cabrera,2013,SDP,NL,95,1,435,381,54,108,84,15,5,4,31,37,12,41,69,0.283,0.355,0.381,0.736,113,145
Miguel Cabrera,2013,DET,AL,148,1,652,555,103,193,122,26,1,44,137,3,0,90,94,0.348,0.442,0.636,1.078,190,353
Robinson Canó,2013,NYY,AL,160,1,681,605,81,190,122,41,0,27,107,7,1,65,85,0.314,0.383,0.516,0.899,147,312
Matt Carpenter,2013,STL,NL,157,1,717,626,126,199,126,55,7,11,78,3,3,72,98,0.318,0.392,0.481,0.873,140,301
Jason Castro,2013,HOU,AL,120,1,491,435,63,120,66,35,1,18,56,2,1,50,130,0.276,0.35,0.485,0.835,130,211
Allen Craig,2013,STL,NL,134,1,563,508,71,160,116,29,2,13,97,2,0,40,100,0.315,0.373,0.457,0.83,129,232
Nelson Cruz,2013,TEX,AL,109,1,456,413,49,110,65,18,0,27,76,5,1,35,109,0.266,0.327,0.506,0.833,124,209
Michael Cuddyer,2013,COL,NL,130,1,540,489,74,162,108,31,3,20,84,10,3,46,100,0.331,0.389,0.53,0.919,136,259
Chris Davis,2013,BAL,AL,160,1,673,584,103,167,71,42,1,53,138,4,1,72,199,0.286,0.37,0.634,1.004,168,370
Prince Fielder,2013,DET,AL,162,1,712,624,82,174,113,36,0,25,106,1,1,75,117,0.279,0.362,0.457,0.819,122,285
Freddie Freeman,2013,ATL,NL,147,1,629,551,89,176,124,27,2,23,109,1,0,66,121,0.319,0.396,0.501,0.897,147,276
Paul Goldschmidt,2013,ARI,NL,160,1,710,602,103,182,107,36,3,36,125,15,7,99,145,0.302,0.401,0.551,0.952,160,332
Carlos Gómez,2013,MIL,NL,147,1,590,536,80,152,91,27,10,24,73,40,7,37,146,0.284,0.338,0.506,0.843,128,271
Carlos González,2013,COL,NL,110,1,436,391,72,118,63,23,6,26,70,21,3,41,118,0.302,0.367,0.591,0.958,144,231
Alex Gordon,2013,KCR,AL,156,1,700,633,90,168,115,27,6,20,81,11,3,52,141,0.265,0.327,0.422,0.749,103,267
J.J. Hardy,2013,BAL,AL,159,1,644,601,66,158,106,27,0,25,76,2,1,38,73,0.263,0.306,0.433,0.738,99,260
Bryce Harper,2013,WSN,NL,118,1,497,424,71,116,69,24,3,20,58,11,4,61,94,0.274,0.368,0.486,0.854,133,206
Torii Hunter,2013,DET,AL,144,1,652,606,90,184,125,37,5,17,84,3,2,26,113,0.304,0.334,0.465,0.8,115,282
Adam Jones,2013,BAL,AL,160,1,689,653,100,186,117,35,1,33,108,14,3,25,136,0.285,0.318,0.493,0.811,118,322
Jason Kipnis,2013,CLE,AL,149,1,658,564,86,160,103,36,4,17,84,30,7,76,143,0.284,0.366,0.452,0.818,130,255
Manny Machado,2013,BAL,AL,156,1,710,667,88,189,121,51,3,14,71,6,7,29,113,0.283,0.314,0.432,0.746,102,288
Brian McCann,2013,ATL,NL,102,1,402,356,43,91,58,13,0,20,57,0,1,39,66,0.256,0.336,0.461,0.796,118,164
Andrew McCutchen,2013,PIT,NL,157,1,674,583,97,185,121,38,5,21,84,27,10,78,101,0.317,0.404,0.508,0.911,157,296
Yadier Molina,2013,STL,NL,136,1,541,505,68,161,105,44,0,12,80,3,2,30,55,0.319,0.359,0.477,0.836,129,241
David Ortiz,2013,BOS,AL,137,1,600,518,84,160,90,38,2,30,103,4,0,76,88,0.309,0.395,0.564,0.959,159,292
Dustin Pedroia,2013,BOS,AL,160,1,724,641,91,193,140,42,2,9,84,17,5,73,75,0.301,0.372,0.415,0.787,115,266
Jhonny Peralta,2013,DET,AL,107,1,448,409,50,124,83,30,0,11,55,3,3,35,98,0.303,0.358,0.457,0.815,121,187
Salvador Perez,2013,KCR,AL,138,1,526,496,48,145,104,25,3,13,79,0,0,21,63,0.292,0.323,0.433,0.757,105,215
Brandon Phillips,2013,CIN,NL,151,1,666,606,80,158,114,24,2,18,103,5,3,39,98,0.261,0.31,0.396,0.706,94,240
Buster Posey,2013,SFG,NL,148,1,595,520,61,153,103,34,1,15,72,2,1,60,70,0.294,0.371,0.45,0.821,134,234
Marco Scutaro,2013,SFG,NL,127,1,547,488,57,145,117,23,3,2,31,2,0,45,34,0.297,0.357,0.369,0.726,109,180
Jean Segura,2013,MIL,NL,146,1,623,588,74,173,131,20,10,12,49,44,13,25,84,0.294,0.329,0.423,0.752,105,249
Mike Trout,2013,LAA,AL,157,1,716,589,109,190,115,39,9,27,97,33,7,110,136,0.323,0.432,0.557,0.988,179,328
Troy Tulowitzki,2013,COL,NL,126,1,512,446,72,139,87,27,0,25,82,1,0,57,85,0.312,0.391,0.54,0.931,139,241
Joey Votto,2013,CIN,NL,162,1,726,581,101,177,120,30,3,24,73,6,3,135,138,0.305,0.435,0.491,0.926,156,285
David Wright,2013,NYM,NL,112,1,492,430,63,132,85,23,6,18,58,17,3,55,79,0.307,0.39,0.514,0.904,156,221
Ben Zobrist,2013,TBR,AL,157,1,698,612,77,168,117,36,3,12,71,11,3,72,91,0.275,0.354,0.402,0.756,112,246
